[
  {
    "query": "واجهة الشاشة الرئيسية لتطبيق عقار مع القوائم والأزرار",
    "image_info": {
      "url": "https://nafezly-production.fra1.cdn.digitaloceanspaces.com/uploads/portfolios/189720_67b0a51ce8b02_1739629852.webp",
      "file_path": "/workspace/imgs/real_estate_app_ui_main_screen_arabic.jpg",
      "img_format": "WEBP",
      "mode": "RGB",
      "file_size": 25812,
      "width": 1700,
      "height": 970,
      "total_pixels": 1649000,
      "basic_score": 0.8423084971310466
    },
    "llm_score": {
      "success": true,
      "relevance_score": 95.0,
      "clarity_score": 90.0,
      "watermark_score": 40.0,
      "overall_score": 80.0,
      "explanation": "The image is highly relevant to the search query and prompt, clearly showcasing the main user interface of a real estate application with property listings and a 'sell unit' form, including menus and buttons. The image quality is crisp and clear, with good composition. However, a noticeable watermark 'nafezly.com' is present at the bottom, which reduces the watermark score and slightly impacts the overall professional quality.",
      "file_name": "real_estate_app_ui_main_screen_arabic.jpg",
      "caption": "Two modern smartphones displaying the main interface of an Arabic real estate application. The left phone shows a property listing page with images of houses, details like price and area, and contact options (WhatsApp and call buttons). The right phone displays a 'sell your unit' form with fields for contact information and property details. The clean design emphasizes user interaction elements on a plain white background.",
      "recommend": true,
      "error": ""
    }
  },
  {
    "query": "واجهة الشاشة الرئيسية لتطبيق عقار مع القوائم والأزرار",
    "image_info": {
      "url": "https://mobi.art4muslim.com/app_show/3aqary/assets/images/shot-4.png",
      "file_path": "/workspace/imgs/arabic-real-estate-app-login-ui.jpg",
      "img_format": "PNG",
      "mode": "RGBA",
      "file_size": 236568,
      "width": 483,
      "height": 773,
      "total_pixels": 373359,
      "basic_score": 0.8235467751435211
    },
    "llm_score": {
      "success": true,
      "relevance_score": 95.0,
      "clarity_score": 95.0,
      "watermark_score": 100.0,
      "overall_score": 95.0,
      "explanation": "The image is highly relevant to both the search query and prompt, clearly displaying the main login screen of an Arabic real estate application with all specified UI elements. The image quality is excellent, with high clarity and no watermarks, making it professional and suitable for direct use.",
      "file_name": "arabic-real-estate-app-login-ui.jpg",
      "caption": "A mobile phone displaying the main login screen of an Arabic real estate application. The app, named 'عقاري' (Aqari - My Property), features a blue and white logo with stylized buildings and a road, along with the slogan 'فلل وأراضى للبيع' (villas and land for sale). The screen includes input fields for 'رقم الجوال' (mobile number) and 'كلمة المرور' (password), a 'نسيت كلمة المرور ؟' (forgot password?) link, a prominent blue 'دخول' (login) button, and an 'إنشاء حساب جديد' (create new account) link. The UI is clean, modern, and clearly visible on the white smartphone.",
      "recommend": true,
      "error": ""
    }
  },
  {
    "query": "خريطة تفاعلية في تطبيق عقار تظهر التصميم والألوان",
    "image_info": {
      "url": "https://designerup.co/blog/content/images/2019/10/Screen-Shot-2019-10-10-at-3.48.43-PM.png",
      "file_path": "/workspace/imgs/aqar_app_map_interface_colors_design_palette.jpg",
      "img_format": "PNG",
      "mode": "RGBA",
      "file_size": 123751,
      "width": 852,
      "height": 716,
      "total_pixels": 610032,
      "basic_score": 0.8716195056547604
    },
    "llm_score": {
      "success": true,
      "relevance_score": 90.0,
      "clarity_score": 95.0,
      "watermark_score": 100.0,
      "overall_score": 90.0,
      "explanation": "The image is highly relevant to the search query, showcasing color design elements for a map interface within an app. The legend and color palettes directly address 'colors design' and 'map interface'. While 'aqar' (real estate) is implied rather than explicit, the map-based data visualization is common in such applications. The image is very clear, well-composed, and free of watermarks, demonstrating professional quality.",
      "file_name": "aqar_app_map_interface_colors_design_palette.jpg",
      "caption": "A user interface design illustrating color palettes for a map application, potentially for a real estate (aqar) app. The image displays a legend titled 'LOF Standard Rank,' categorizing data into five color-coded tiers (S5-S1) from red to dark blue, with corresponding percentage ranges. To its right, a 5x5 grid of circles demonstrates these primary colors with various border accents. A separate 'Border Colors' section below highlights the distinct border hues used: mint green, lavender, light blue, brown, and pink. The background visible behind the legend suggests a map, reinforcing its application in a geographical interface.",
      "recommend": true,
      "error": ""
    }
  },
  {
    "query": "خريطة تفاعلية في تطبيق عقار تظهر التصميم والألوان",
    "image_info": {
      "url": "https://www.esri.com/arcgis-blog/wp-content/uploads/2020/01/Screen-Shot-2020-01-03-at-4.35.19-PM.png",
      "file_path": "/workspace/imgs/ui_color_palettes_hex_codes_for_app_design.jpg",
      "img_format": "JPEG",
      "mode": "RGB",
      "file_size": 85041,
      "width": 743,
      "height": 772,
      "total_pixels": 573596,
      "basic_score": 0.8722773327514496
    },
    "llm_score": {
      "success": true,
      "relevance_score": 70.0,
      "clarity_score": 95.0,
      "watermark_score": 100.0,
      "overall_score": 80.0,
      "explanation": "The image clearly displays various color palettes with their hex codes, which is highly relevant to the 'colors design' aspect of the search query and prompt. While it doesn't show an actual map interface or a real estate app, these color schemes are directly applicable to such a design. The image itself is very clear, well-composed, and free of watermarks.",
      "file_name": "ui_color_palettes_hex_codes_for_app_design.jpg",
      "caption": "A detailed display of nine distinct color palettes, each featuring a unique name like 'Flower Field', 'Fruit Basket', and 'Rainforest Frogs'. Each palette includes a vertical color ramp illustrating the gradient and a list of five corresponding hex color codes. These professionally designed color schemes are suitable for user interface (UI) design, offering versatile options for applications such as interactive maps in real estate apps.",
      "recommend": true,
      "error": ""
    }
  },
  {
    "query": "لقطات شاشة لتطبيق عقار السعودي تظهر واجهة المستخدم والتصميم",
    "image_info": {
      "url": "https://saudigazette.com.sa/uploads/images/2024/09/10/2422751.jpg",
      "file_path": "/workspace/imgs/aqar_saudi_app_ui_design_screenshot.jpg",
      "img_format": "JPEG",
      "mode": "RGB",
      "file_size": 189800,
      "width": 600,
      "height": 600,
      "total_pixels": 360000,
      "basic_score": 0.8267718160298989
    },
    "llm_score": {
      "success": true,
      "relevance_score": 95.0,
      "clarity_score": 98.0,
      "watermark_score": 100.0,
      "overall_score": 95.0,
      "explanation": "The image is highly relevant as it explicitly showcases the 'AQAR' app's user interface and design, specifically identifying it as Saudi Arabia's #1 Property Portal. The image quality is excellent, with sharp details and clear text, making all UI elements on the phone screen perfectly legible. There are no watermarks. The overall composition is professional and effective in demonstrating the app's functionality and design.",
      "file_name": "aqar_saudi_app_ui_design_screenshot.jpg",
      "caption": "A promotional graphic showcasing the 'AQAR' mobile application, identified as Saudi Arabia's #1 Property Portal. The image features a modern smartphone displaying the app's user interface, including a map with various property listings marked by price points (e.g., 2.2M, 1.1M, 5.4M). UI elements like 'For rent', 'For sale', 'Daily/Monthly' filters, and property types such as 'Villa', 'Land' are clearly visible, demonstrating the app's functionality for exploring a wide range of properties. The graphic also includes 'Download on the Google Play' and 'Download on the App Store' badges.",
      "recommend": true,
      "error": ""
    }
  },
  {
    "query": "لقطات شاشة لتطبيق عقار السعودي تظهر واجهة المستخدم والتصميم",
    "image_info": {
      "url": "https://is1-ssl.mzstatic.com/image/thumb/PurpleSource211/v4/38/71/b4/3871b40a-77bf-f344-baa6-8ed85827d5fd/7a1bf904-1014-460c-bdee-a58299f3b7ce_iPhone_5.5_img02.png/392x696bb.png",
      "file_path": "/workspace/imgs/aqar_saudi_app_screenshot_ui_design_map_view.jpg",
      "img_format": "PNG",
      "mode": "RGB",
      "file_size": 254201,
      "width": 392,
      "height": 696,
      "total_pixels": 272832,
      "basic_score": 0.7979578854438609
    },
    "llm_score": {
      "success": true,
      "relevance_score": 100.0,
      "clarity_score": 95.0,
      "watermark_score": 100.0,
      "overall_score": 98.0,
      "explanation": "The image is a perfectly relevant, high-quality screenshot of a mobile application interface, clearly depicting a property search app ('Aqar') based on the Arabic text and UI elements. It is sharp, clear, and free of watermarks, effectively showcasing the UI design as requested.",
      "file_name": "aqar_saudi_app_screenshot_ui_design_map_view.jpg",
      "caption": "A detailed screenshot of the 'Aqar Saudi' mobile application, showcasing its user interface and design. The image displays a map view with various property listings indicated by price tags and locations. Prominent UI elements include a search bar with options for 'For Rent' and 'For Sale', daily/monthly rental filters, and property types like 'Villa' and 'Land'. The main header text in Arabic reads 'ابحث عن عقار يناسب احتياجك' (Search for a property that suits your needs). The phone's status bar shows the time (17:26) and 4G signal. The overall design features a clean, user-friendly layout with green accents.",
      "recommend": true,
      "error": ""
    }
  },
  {
    "query": "شاشة تفاصيل العقار في تطبيق عقار مع الصور والأزرار",
    "image_info": {
      "url": "https://is1-ssl.mzstatic.com/image/thumb/PurpleSource211/v4/8d/68/71/8d687137-e759-413b-f04a-c37c88f6dbc7/Artboard__U0661_U0668_copy_5-50.jpg/300x0w.jpg",
      "file_path": "/workspace/imgs/Aqar-App-Property-Details-Screen-Arabic.jpg",
      "img_format": "JPEG",
      "mode": "RGB",
      "file_size": 35946,
      "width": 300,
      "height": 652,
      "total_pixels": 195600,
      "basic_score": 0.7505433178944572
    },
    "llm_score": {
      "success": true,
      "relevance_score": 98.0,
      "clarity_score": 90.0,
      "watermark_score": 100.0,
      "overall_score": 92.0,
      "explanation": "The image perfectly matches the search query and prompt, clearly displaying a real estate app's property details screen with images, rental options (daily/monthly), and comprehensive property information. The clarity is excellent, and there are no external watermarks, making it a high-quality, professional representation.",
      "file_name": "Aqar-App-Property-Details-Screen-Arabic.jpg",
      "caption": "A clean, vibrant image showcasing a smartphone displaying the 'Aqar' (Real Estate) mobile application. The screen features a property listing, specifically an apartment for rent, with an interior preview image of a living room. Below the image, prominent buttons offer options for 'Daily' (يومي) or 'Monthly' (شهري) rentals. Further down, detailed property specifications such as number of rooms, bathrooms, and floor number are listed. The top of the image features promotional text in Arabic that translates to 'Book monthly or daily with ease through the Aqar app'. The background is a solid green, highlighting the app interface.",
      "recommend": true,
      "error": ""
    }
  },
  {
    "query": "شاشة تفاصيل العقار في تطبيق عقار مع الصور والأزرار",
    "image_info": {
      "url": "https://mobi.art4muslim.com/app_show/aqar-land/assets/images/shot-2.png",
      "file_path": "/workspace/imgs/arabic_real_estate_app_listing_screen.jpg",
      "img_format": "PNG",
      "mode": "RGBA",
      "file_size": 223175,
      "width": 445,
      "height": 488,
      "total_pixels": 217160,
      "basic_score": 0.7728735587602821
    },
    "llm_score": {
      "success": true,
      "relevance_score": 70.0,
      "clarity_score": 95.0,
      "watermark_score": 100.0,
      "overall_score": 85.0,
      "explanation": "The image clearly displays a real estate application interface on a smartphone, featuring property listings with images and buttons, aligning well with parts of the prompt. However, it shows a search results or listing screen with summary details rather than a comprehensive single property details page, which was specifically requested by 'شاشة تفاصيل العقار'.",
      "file_name": "arabic_real_estate_app_listing_screen.jpg",
      "caption": "An eye-level shot of a white smartphone displaying an Arabic real estate application. The app screen shows a clean user interface with green and orange accents, featuring a list of available properties. The top section includes a search bar, location selection (Khartoum), and a city skyline banner. Below, various property categories like 'All', 'Apartments', 'Villas', and 'House' are selectable. Each listing includes a photo of the property, its price, type (e.g., 'Luxury finished villa'), location details (Khartoum, Al-Rabe'e District), and an indication of when it was listed.",
      "recommend": true,
      "error": ""
    }
  }
]